NOMBRE,NOMINA,PASSWORD,
Nombre Apellido,Nomina,Password,<- Iniciar agregar colaboradores desde esta fila.
Nombre Apellido,Nomina,Password,
Nombre Apellido,Nomina,Password,
Nombre Apellido,Nomina,Password,
Nombre Apellido,Nomina,Password,
Nombre Apellido,Nomina,Password,
Nombre Apellido,Nomina,Password,
Nombre Apellido,Nomina,Password,
Nombre Apellido,Nomina,Password,
Nombre Apellido,Nomina,Password,
Nombre Apellido,Nomina,Password,
Nombre Apellido,Nomina,Password,
Nombre Apellido,Nomina,Password,
Nombre Apellido,Nomina,Password,
Nombre Apellido,Nomina,Password,
Nombre Apellido,Nomina,Password,
Nombre Apellido,Nomina,Password,
Nombre Apellido,Nomina,Password,
Nombre Apellido,Nomina,Password,
Nombre Apellido,Nomina,Password,
